{
  "marketing_stripe": {
    "text": "PREÇOS PARA ATACADO E VAREJO ",
    "link": "",
    "background": "#000000",
    "color": "#ffffff"
  },
  "contacts_stripe": {
    "pages": [
      {
        "title": "",
        "link": "www.lojadomaquiadorbelem.com.br"
      },
      {}
    ],
    "phone_wpp": false,
    "socials": false
  },
  "categories_list": {
    "featured": [
      "/make-ate-10?MAKE  ATÉ  R$ 10"
    ],
    "random": 13,
    "full_width": true
  },
  "desktop_megamenu": true,
  "search_input": true,
  "alphabetical_order_submenu": true,
  "full_width_submenu": true,
  "centralized_logo": false
}