{
  "meta_title": "",
  "meta_description": "",
  "sections": [
    {
      "type": "banner-slider",
      "autoplay": 9000,
      "full_width": true,
      "slides": [
        {
          "start": "",
          "end": "",
          "img": "/img/uploads/banner1-2-1-.png",
          "mobile_img": "",
          "link": "/make-ate-10"
        },
        {
          "start": "",
          "end": "",
          "link": "/cabelo",
          "img": "/img/uploads/banner2-1-.png"
        },
        {
          "start": "",
          "end": "",
          "img": "/img/uploads/banner3-1-.png",
          "link": "/esmalteria"
        }
      ]
    },
    {
      "type": "collection-shelf",
      "shuffle": true,
      "collection_id": null,
      "sort": "news",
      "title": "Lançamentos",
      "headless": false,
      "limit": 12,
      "page": 1
    },
    {
      "type": "collection-shelf",
      "shuffle": false,
      "limit": 12,
      "page": 1,
      "sort": "news"
    },
    {
      "type": "banners-grid",
      "banners": [
        {
          "img": "/img/uploads/grid-loja-do-maquiador-3-2-.png",
          "link": "/maquiagem"
        },
        {
          "img": "/img/uploads/grid-loja-do-maquiador-1-1-.png"
        },
        {
          "img": "/img/uploads/grid-loja-do-maquiador-2-1-.png",
          "link": "/skin-care"
        }
      ]
    },
    {
      "type": "shelfs-nav",
      "shuffle": false,
      "limit": 8,
      "page": 1,
      "collection_ids": [
        "642450b04bd2e929c1b7678a:categories:MAQUIAGEM:/maquiagem",
        "646d2745a0e875411e9a86f3:categories:ESMALTERIA:/esmalteria",
        "6542adb92cd6b6595994121c:categories:CABELO:/cabelo"
      ],
      "sort": "sales"
    }
  ]
}